Score,Average Words/Review
1.0,117.941895629
2.0,149.310109793
3.0,159.376255155
4.0,152.403799046
5.0,119.187261197
