Score,Slope of Trendline (avg)
3.0,7.26817814705e-10
1.0,3.85344438078e-09
4.0,-6.57480839271e-10
5.0,-2.20387516088e-09
2.0,2.18362372882e-09
