Score,Slope of Trendline (avg)
3.0,3.11045791291e-10
1.0,2.96219629199e-09
4.0,9.85123080506e-11
5.0,-9.02154689056e-10
2.0,1.03473065107e-09
