Review Score,Frequency,Percent
1.0,2799514,7.92371376932
2.0,1827169,5.17159912906
3.0,2949238,8.34749093936
4.0,6671675,18.8834358613
5.0,21083236,59.6737603009
