Review Score,Frequency,Percent
1.0,355037,5.55062391891
2.0,246367,3.85168464986
3.0,448143,7.00623668771
4.0,1148156,17.9501915469
5.0,4198641,65.6412631966
